mse,rmse,absrel,lg10,mae,delta1,delta2,delta3
3832.773658402469,52.83631070598388,0.15434155582994313,0.065532278047379,39.69109271863185,0.7804597160502675,0.9494285466838684,0.9877250274751529
