mse,rmse,absrel,lg10,mae,delta1,delta2,delta3
3220.045260648115,47.7097678978028,0.14097079518464728,0.058788505667643993,35.718261605009026,0.8183929723337156,0.963623420178708,0.9893048487672018
