mse,rmse,absrel,lg10,mae,delta1,delta2,delta3
5017.483358925636,60.930432430136975,0.18340062204212954,0.0760993133655063,46.33289088313368,0.7244025647457951,0.924278329271789,0.9774024333428899
