mse,rmse,absrel,lg10,mae,delta1,delta2,delta3
3612.0337073183205,51.16201077709826,0.1488558931407214,0.06311232281210818,38.46243164590375,0.7933954361381881,0.957016317851682,0.9896438085340215
