mse,rmse,absrel,lg10,mae,delta1,delta2,delta3
3175.7550534122947,47.52523664681511,0.13833321603043547,0.05787615406551948,35.34421408723254,0.8253278353163226,0.962867853473815,0.989951784093081
