mse,rmse,absrel,lg10,mae,delta1,delta2,delta3
4732.052839459994,58.878314961227105,0.1722894453697066,0.07354457821093204,44.82882783609793,0.7349155437691132,0.9337565104166666,0.9824860832377675
